INSERT INTO users (username, teammate) VALUES ('Bob Smith', 'Sarah Baker');
INSERT INTO languages (username, JAVA, CPP, SQL, HTML, PHP, Javascript, Bash,                              Git, Mongo, WSS, GIS, Python, PMO) VALUES ('Bob Smith', '0', '1','100','100',                              '100','100','100','100','100','100','100','11','100' );
INSERT INTO times (username, mon8to10, mon10to12, mon12to2, mon2to4,mon4to6,tue8to10,                              tue10to12,tue12to2,tue2to4,tue4to6, wed8to10,wed10to12,wed12to2,wed2to4,wed4to6,thu8to10,                              thu10to12,thu12to2,thu2to4,thu4to6,fri8to10,fri10to12,fri12to2,fri2to4, fri4to6,sat8to10,                               sat10to12,sat12to2,sat2to4,sat4to6,sun8to10,sun10to12,sun12to2,sun2to4,sun4to6) VALUES                              ('Bob Smith','0', '1', '2','3','4','100','100','100','100', '100','100','100', '100', '100','100','100','100','100','100','100', '20', '21','22','23','24','100','100','100','100', '100','30', '31', '32','33','34'                              );
INSERT INTO users (username, teammate) VALUES ('Sam Smith', 'Mary Sue');
INSERT INTO languages (username, JAVA, CPP, SQL, HTML, PHP, Javascript, Bash,                              Git, Mongo, WSS, GIS, Python, PMO) VALUES ('Sam Smith', '0', '100','2','3',                              '4','5','6','7','100','100','100','11','100' );
INSERT INTO times (username, mon8to10, mon10to12, mon12to2, mon2to4,mon4to6,tue8to10,                              tue10to12,tue12to2,tue2to4,tue4to6, wed8to10,wed10to12,wed12to2,wed2to4,wed4to6,thu8to10,                              thu10to12,thu12to2,thu2to4,thu4to6,fri8to10,fri10to12,fri12to2,fri2to4, fri4to6,sat8to10,                               sat10to12,sat12to2,sat2to4,sat4to6,sun8to10,sun10to12,sun12to2,sun2to4,sun4to6) VALUES                              ('Sam Smith','0', '1', '2','100','100','5','6','7','100', '100','10','11', '12', '100','100','15','16','17','100','100', '20', '21','22','100','100','25','26','27','100', '100','30', '31', '32','100','100'                              );
INSERT INTO users (username, teammate) VALUES ('Jiahan Noel', 'Billy Smith');
INSERT INTO languages (username, JAVA, CPP, SQL, HTML, PHP, Javascript, Bash,                              Git, Mongo, WSS, GIS, Python, PMO) VALUES ('Jiahan Noel', '100', '1','2','3',                              '100','100','6','100','8','9','100','11','100' );
INSERT INTO times (username, mon8to10, mon10to12, mon12to2, mon2to4,mon4to6,tue8to10,                              tue10to12,tue12to2,tue2to4,tue4to6, wed8to10,wed10to12,wed12to2,wed2to4,wed4to6,thu8to10,                              thu10to12,thu12to2,thu2to4,thu4to6,fri8to10,fri10to12,fri12to2,fri2to4, fri4to6,sat8to10,                               sat10to12,sat12to2,sat2to4,sat4to6,sun8to10,sun10to12,sun12to2,sun2to4,sun4to6) VALUES                              ('Jiahan Noel','0', '1', '2','100','100','100','6','7','100', '9','10','11', '100', '100','100','100','16','17','100','19', '100', '100','100','23','24','100','100','27','28', '29','100', '100', '32','33','34'                              );
INSERT INTO users (username, teammate) VALUES ('Sarah Baker', 'Bob Smith');
INSERT INTO languages (username, JAVA, CPP, SQL, HTML, PHP, Javascript, Bash,                              Git, Mongo, WSS, GIS, Python, PMO) VALUES ('Sarah Baker', '100', '1','2','100',                              '100','100','100','100','8','9','10','11','12' );
INSERT INTO times (username, mon8to10, mon10to12, mon12to2, mon2to4,mon4to6,tue8to10,                              tue10to12,tue12to2,tue2to4,tue4to6, wed8to10,wed10to12,wed12to2,wed2to4,wed4to6,thu8to10,                              thu10to12,thu12to2,thu2to4,thu4to6,fri8to10,fri10to12,fri12to2,fri2to4, fri4to6,sat8to10,                               sat10to12,sat12to2,sat2to4,sat4to6,sun8to10,sun10to12,sun12to2,sun2to4,sun4to6) VALUES                              ('Sarah Baker','100', '100', '100','100','100','5','6','7','8', '9','100','100', '100', '100','100','15','16','17','18','19', '100', '100','100','100','100','25','26','27','28', '29','30', '31', '32','33','34'                              );
INSERT INTO users (username, teammate) VALUES ('Mary Sue', 'Sam Smith');
INSERT INTO languages (username, JAVA, CPP, SQL, HTML, PHP, Javascript, Bash,                              Git, Mongo, WSS, GIS, Python, PMO) VALUES ('Mary Sue', '0', '100','2','3',                              '100','100','6','7','100','100','10','11','100' );
INSERT INTO times (username, mon8to10, mon10to12, mon12to2, mon2to4,mon4to6,tue8to10,                              tue10to12,tue12to2,tue2to4,tue4to6, wed8to10,wed10to12,wed12to2,wed2to4,wed4to6,thu8to10,                              thu10to12,thu12to2,thu2to4,thu4to6,fri8to10,fri10to12,fri12to2,fri2to4, fri4to6,sat8to10,                               sat10to12,sat12to2,sat2to4,sat4to6,sun8to10,sun10to12,sun12to2,sun2to4,sun4to6) VALUES                              ('Mary Sue','0', '1', '2','3','4','5','6','7','8', '9','100','100', '100', '100','100','15','16','17','100','100', '100', '100','22','23','24','25','100','100','100', '100','100', '31', '32','33','34'                              );
INSERT INTO users (username, teammate) VALUES ('Liam Parker', 'Jiahan Noel');
INSERT INTO languages (username, JAVA, CPP, SQL, HTML, PHP, Javascript, Bash,                              Git, Mongo, WSS, GIS, Python, PMO) VALUES ('Liam Parker', '0', '100','2','3',                              '4','5','6','100','8','9','100','11','12' );
INSERT INTO times (username, mon8to10, mon10to12, mon12to2, mon2to4,mon4to6,tue8to10,                              tue10to12,tue12to2,tue2to4,tue4to6, wed8to10,wed10to12,wed12to2,wed2to4,wed4to6,thu8to10,                              thu10to12,thu12to2,thu2to4,thu4to6,fri8to10,fri10to12,fri12to2,fri2to4, fri4to6,sat8to10,                               sat10to12,sat12to2,sat2to4,sat4to6,sun8to10,sun10to12,sun12to2,sun2to4,sun4to6) VALUES                              ('Liam Parker','0', '1', '2','100','100','5','6','7','8', '100','100','100', '12', '13','14','15','16','17','100','100', '100', '100','100','23','24','25','26','100','100', '100','100', '31', '32','33','34'                              );
INSERT INTO users (username, teammate) VALUES ('Mabel Eliza', 'Liam Parker');
INSERT INTO languages (username, JAVA, CPP, SQL, HTML, PHP, Javascript, Bash,                              Git, Mongo, WSS, GIS, Python, PMO) VALUES ('Mabel Eliza', '0', '1','2','100',                              '100','100','6','7','100','100','100','11','100' );
INSERT INTO times (username, mon8to10, mon10to12, mon12to2, mon2to4,mon4to6,tue8to10,                              tue10to12,tue12to2,tue2to4,tue4to6, wed8to10,wed10to12,wed12to2,wed2to4,wed4to6,thu8to10,                              thu10to12,thu12to2,thu2to4,thu4to6,fri8to10,fri10to12,fri12to2,fri2to4, fri4to6,sat8to10,                               sat10to12,sat12to2,sat2to4,sat4to6,sun8to10,sun10to12,sun12to2,sun2to4,sun4to6) VALUES                              ('Mabel Eliza','0', '1', '2','100','100','5','6','7','100', '100','10','11', '12', '100','100','15','16','17','100','100', '20', '21','22','100','100','25','26','27','100', '100','30', '31', '32','100','100'                              );
INSERT INTO users (username, teammate) VALUES ('Thomas Esparanza', 'Bob Smith');
INSERT INTO languages (username, JAVA, CPP, SQL, HTML, PHP, Javascript, Bash,                              Git, Mongo, WSS, GIS, Python, PMO) VALUES ('Thomas Esparanza', '0', '1','100','3',                              '4','5','6','100','100','100','100','11','100' );
INSERT INTO times (username, mon8to10, mon10to12, mon12to2, mon2to4,mon4to6,tue8to10,                              tue10to12,tue12to2,tue2to4,tue4to6, wed8to10,wed10to12,wed12to2,wed2to4,wed4to6,thu8to10,                              thu10to12,thu12to2,thu2to4,thu4to6,fri8to10,fri10to12,fri12to2,fri2to4, fri4to6,sat8to10,                               sat10to12,sat12to2,sat2to4,sat4to6,sun8to10,sun10to12,sun12to2,sun2to4,sun4to6) VALUES                              ('Thomas Esparanza','100', '100', '100','3','4','100','100','100','8', '9','100','100', '100', '13','14','100','100','100','18','19', '100', '100','100','23','24','100','100','100','28', '29','100', '100', '100','33','34'                              );
INSERT INTO users (username, teammate) VALUES ('Julian Mathews', 'Liam Parker');
INSERT INTO languages (username, JAVA, CPP, SQL, HTML, PHP, Javascript, Bash,                              Git, Mongo, WSS, GIS, Python, PMO) VALUES ('Julian Mathews', '0', '1','100','3',                              '4','5','100','7','100','9','10','11','12' );
INSERT INTO times (username, mon8to10, mon10to12, mon12to2, mon2to4,mon4to6,tue8to10,                              tue10to12,tue12to2,tue2to4,tue4to6, wed8to10,wed10to12,wed12to2,wed2to4,wed4to6,thu8to10,                              thu10to12,thu12to2,thu2to4,thu4to6,fri8to10,fri10to12,fri12to2,fri2to4, fri4to6,sat8to10,                               sat10to12,sat12to2,sat2to4,sat4to6,sun8to10,sun10to12,sun12to2,sun2to4,sun4to6) VALUES                              ('Julian Mathews','0', '1', '100','100','100','100','6','7','8', '9','100','100', '12', '13','14','100','100','17','18','19', '100', '21','22','23','100','100','100','100','28', '29','30', '31', '100','100','34'                              );
INSERT INTO users (username, teammate) VALUES ('Simon Sibely', 'Thomas Esparanza');
INSERT INTO languages (username, JAVA, CPP, SQL, HTML, PHP, Javascript, Bash,                              Git, Mongo, WSS, GIS, Python, PMO) VALUES ('Simon Sibely', '100', '1','2','100',                              '4','5','100','100','100','100','100','11','100' );
INSERT INTO times (username, mon8to10, mon10to12, mon12to2, mon2to4,mon4to6,tue8to10,                              tue10to12,tue12to2,tue2to4,tue4to6, wed8to10,wed10to12,wed12to2,wed2to4,wed4to6,thu8to10,                              thu10to12,thu12to2,thu2to4,thu4to6,fri8to10,fri10to12,fri12to2,fri2to4, fri4to6,sat8to10,                               sat10to12,sat12to2,sat2to4,sat4to6,sun8to10,sun10to12,sun12to2,sun2to4,sun4to6) VALUES                              ('Simon Sibely','0', '1', '2','100','4','5','6','100','100', '9','10','11', '12', '100','100','15','16','17','100','100', '20', '100','22','100','100','25','26','27','100', '100','30', '31', '32','33','34'                              );
INSERT INTO users (username, teammate) VALUES ('Noah Willow', 'Mary Sue');
INSERT INTO languages (username, JAVA, CPP, SQL, HTML, PHP, Javascript, Bash,                              Git, Mongo, WSS, GIS, Python, PMO) VALUES ('Noah Willow', '0', '1','2','100',                              '100','100','6','100','100','100','100','11','100' );
INSERT INTO times (username, mon8to10, mon10to12, mon12to2, mon2to4,mon4to6,tue8to10,                              tue10to12,tue12to2,tue2to4,tue4to6, wed8to10,wed10to12,wed12to2,wed2to4,wed4to6,thu8to10,                              thu10to12,thu12to2,thu2to4,thu4to6,fri8to10,fri10to12,fri12to2,fri2to4, fri4to6,sat8to10,                               sat10to12,sat12to2,sat2to4,sat4to6,sun8to10,sun10to12,sun12to2,sun2to4,sun4to6) VALUES                              ('Noah Willow','0', '1', '100','100','4','5','100','7','100', '100','100','100', '12', '13','100','100','100','17','18','19', '20', '100','100','23','100','25','26','27','28', '29','30', '31', '32','33','34'                              );
INSERT INTO users (username, teammate) VALUES ('William Tyrell', 'Liam Parker');
INSERT INTO languages (username, JAVA, CPP, SQL, HTML, PHP, Javascript, Bash,                              Git, Mongo, WSS, GIS, Python, PMO) VALUES ('William Tyrell', '0', '100','2','3',                              '4','100','6','100','100','100','100','11','100' );
INSERT INTO times (username, mon8to10, mon10to12, mon12to2, mon2to4,mon4to6,tue8to10,                              tue10to12,tue12to2,tue2to4,tue4to6, wed8to10,wed10to12,wed12to2,wed2to4,wed4to6,thu8to10,                              thu10to12,thu12to2,thu2to4,thu4to6,fri8to10,fri10to12,fri12to2,fri2to4, fri4to6,sat8to10,                               sat10to12,sat12to2,sat2to4,sat4to6,sun8to10,sun10to12,sun12to2,sun2to4,sun4to6) VALUES                              ('William Tyrell','0', '1', '2','3','4','5','6','7','8', '9','100','100', '100', '100','100','100','100','100','100','100', '20', '21','22','23','24','25','26','27','28', '29','100', '100', '100','100','100'                              );
INSERT INTO users (username, teammate) VALUES ('Elizabeth Jordan', 'Sarah Baker');
INSERT INTO languages (username, JAVA, CPP, SQL, HTML, PHP, Javascript, Bash,                              Git, Mongo, WSS, GIS, Python, PMO) VALUES ('Elizabeth Jordan', '0', '1','2','3',                              '4','100','100','100','100','100','100','11','100' );
INSERT INTO times (username, mon8to10, mon10to12, mon12to2, mon2to4,mon4to6,tue8to10,                              tue10to12,tue12to2,tue2to4,tue4to6, wed8to10,wed10to12,wed12to2,wed2to4,wed4to6,thu8to10,                              thu10to12,thu12to2,thu2to4,thu4to6,fri8to10,fri10to12,fri12to2,fri2to4, fri4to6,sat8to10,                               sat10to12,sat12to2,sat2to4,sat4to6,sun8to10,sun10to12,sun12to2,sun2to4,sun4to6) VALUES                              ('Elizabeth Jordan','100', '100', '100','3','4','100','100','100','8', '9','100','100', '100', '13','14','100','100','100','18','19', '100', '100','100','23','24','25','26','27','28', '29','30', '31', '32','33','34'                              );
INSERT INTO users (username, teammate) VALUES ('Edward Luis', 'Thomas Esparanza');
INSERT INTO languages (username, JAVA, CPP, SQL, HTML, PHP, Javascript, Bash,                              Git, Mongo, WSS, GIS, Python, PMO) VALUES ('Edward Luis', '0', '1','100','3',                              '100','100','6','7','100','9','10','11','100' );
INSERT INTO times (username, mon8to10, mon10to12, mon12to2, mon2to4,mon4to6,tue8to10,                              tue10to12,tue12to2,tue2to4,tue4to6, wed8to10,wed10to12,wed12to2,wed2to4,wed4to6,thu8to10,                              thu10to12,thu12to2,thu2to4,thu4to6,fri8to10,fri10to12,fri12to2,fri2to4, fri4to6,sat8to10,                               sat10to12,sat12to2,sat2to4,sat4to6,sun8to10,sun10to12,sun12to2,sun2to4,sun4to6) VALUES                              ('Edward Luis','100', '1', '2','3','100','100','6','7','8', '100','10','100', '100', '100','100','15','100','17','18','19', '20', '100','100','23','100','100','100','27','28', '100','100', '100', '32','100','34'                              );
INSERT INTO users (username, teammate) VALUES ('Mark Lovelace', 'Thomas Esparanza');
INSERT INTO languages (username, JAVA, CPP, SQL, HTML, PHP, Javascript, Bash,                              Git, Mongo, WSS, GIS, Python, PMO) VALUES ('Mark Lovelace', '0', '1','100','3',                              '4','100','6','7','8','100','100','11','100' );
INSERT INTO times (username, mon8to10, mon10to12, mon12to2, mon2to4,mon4to6,tue8to10,                              tue10to12,tue12to2,tue2to4,tue4to6, wed8to10,wed10to12,wed12to2,wed2to4,wed4to6,thu8to10,                              thu10to12,thu12to2,thu2to4,thu4to6,fri8to10,fri10to12,fri12to2,fri2to4, fri4to6,sat8to10,                               sat10to12,sat12to2,sat2to4,sat4to6,sun8to10,sun10to12,sun12to2,sun2to4,sun4to6) VALUES                              ('Mark Lovelace','0', '1', '100','3','4','100','6','7','8', '100','100','100', '100', '100','100','100','16','17','100','100', '100', '21','22','23','24','100','100','27','28', '29','100', '100', '100','33','34'                              );
INSERT INTO users (username, teammate) VALUES ('Lilly Edwards', 'Jiahan Noel');
INSERT INTO languages (username, JAVA, CPP, SQL, HTML, PHP, Javascript, Bash,                              Git, Mongo, WSS, GIS, Python, PMO) VALUES ('Lilly Edwards', '0', '1','2','100',                              '100','100','6','100','100','100','10','11','100' );
INSERT INTO times (username, mon8to10, mon10to12, mon12to2, mon2to4,mon4to6,tue8to10,                              tue10to12,tue12to2,tue2to4,tue4to6, wed8to10,wed10to12,wed12to2,wed2to4,wed4to6,thu8to10,                              thu10to12,thu12to2,thu2to4,thu4to6,fri8to10,fri10to12,fri12to2,fri2to4, fri4to6,sat8to10,                               sat10to12,sat12to2,sat2to4,sat4to6,sun8to10,sun10to12,sun12to2,sun2to4,sun4to6) VALUES                              ('Lilly Edwards','0', '1', '2','3','4','5','100','7','8', '100','100','100', '12', '13','14','100','100','17','18','100', '20', '21','100','100','24','25','26','27','28', '29','30', '31', '32','33','34'                              );
INSERT INTO users (username, teammate) VALUES ('Terry Allen', 'Jiahan Noel');
INSERT INTO languages (username, JAVA, CPP, SQL, HTML, PHP, Javascript, Bash,                              Git, Mongo, WSS, GIS, Python, PMO) VALUES ('Terry Allen', '0', '100','2','3',                              '4','100','6','100','8','9','10','11','12' );
INSERT INTO times (username, mon8to10, mon10to12, mon12to2, mon2to4,mon4to6,tue8to10,                              tue10to12,tue12to2,tue2to4,tue4to6, wed8to10,wed10to12,wed12to2,wed2to4,wed4to6,thu8to10,                              thu10to12,thu12to2,thu2to4,thu4to6,fri8to10,fri10to12,fri12to2,fri2to4, fri4to6,sat8to10,                               sat10to12,sat12to2,sat2to4,sat4to6,sun8to10,sun10to12,sun12to2,sun2to4,sun4to6) VALUES                              ('Terry Allen','0', '1', '2','3','4','100','100','100','100', '100','10','11', '12', '13','14','100','100','100','100','100', '20', '21','22','23','24','100','100','100','100', '100','30', '31', '32','33','34'                              );
INSERT INTO users (username, teammate) VALUES ('Anna Belian', 'Edward Luis');
INSERT INTO languages (username, JAVA, CPP, SQL, HTML, PHP, Javascript, Bash,                              Git, Mongo, WSS, GIS, Python, PMO) VALUES ('Anna Belian', '0', '1','2','100',                              '4','100','6','100','8','100','100','11','12' );
INSERT INTO times (username, mon8to10, mon10to12, mon12to2, mon2to4,mon4to6,tue8to10,                              tue10to12,tue12to2,tue2to4,tue4to6, wed8to10,wed10to12,wed12to2,wed2to4,wed4to6,thu8to10,                              thu10to12,thu12to2,thu2to4,thu4to6,fri8to10,fri10to12,fri12to2,fri2to4, fri4to6,sat8to10,                               sat10to12,sat12to2,sat2to4,sat4to6,sun8to10,sun10to12,sun12to2,sun2to4,sun4to6) VALUES                              ('Anna Belian','0', '1', '100','100','100','100','6','7','100', '100','10','11', '12', '100','100','100','100','17','18','19', '20', '100','22','100','24','25','26','27','28', '29','30', '31', '32','33','34'                              );
INSERT INTO users (username, teammate) VALUES ('Tilese Samaro', 'Mabel Eliza');
INSERT INTO languages (username, JAVA, CPP, SQL, HTML, PHP, Javascript, Bash,                              Git, Mongo, WSS, GIS, Python, PMO) VALUES ('Tilese Samaro', '0', '1','100','3',                              '100','5','6','7','8','100','10','11','12' );
INSERT INTO times (username, mon8to10, mon10to12, mon12to2, mon2to4,mon4to6,tue8to10,                              tue10to12,tue12to2,tue2to4,tue4to6, wed8to10,wed10to12,wed12to2,wed2to4,wed4to6,thu8to10,                              thu10to12,thu12to2,thu2to4,thu4to6,fri8to10,fri10to12,fri12to2,fri2to4, fri4to6,sat8to10,                               sat10to12,sat12to2,sat2to4,sat4to6,sun8to10,sun10to12,sun12to2,sun2to4,sun4to6) VALUES                              ('Tilese Samaro','0', '1', '2','3','100','100','6','7','8', '9','100','100', '100', '100','14','15','16','100','100','100', '20', '21','22','23','24','100','100','27','28', '29','30', '100', '32','33','34'                              );
INSERT INTO users (username, teammate) VALUES ('Tamara Eden', 'Mabel Eliza');
INSERT INTO languages (username, JAVA, CPP, SQL, HTML, PHP, Javascript, Bash,                              Git, Mongo, WSS, GIS, Python, PMO) VALUES ('Tamara Eden', '0', '1','2','100',                              '4','5','6','7','8','9','10','11','100' );
INSERT INTO times (username, mon8to10, mon10to12, mon12to2, mon2to4,mon4to6,tue8to10,                              tue10to12,tue12to2,tue2to4,tue4to6, wed8to10,wed10to12,wed12to2,wed2to4,wed4to6,thu8to10,                              thu10to12,thu12to2,thu2to4,thu4to6,fri8to10,fri10to12,fri12to2,fri2to4, fri4to6,sat8to10,                               sat10to12,sat12to2,sat2to4,sat4to6,sun8to10,sun10to12,sun12to2,sun2to4,sun4to6) VALUES                              ('Tamara Eden','100', '100', '100','3','4','5','6','7','100', '100','10','11', '12', '100','100','100','16','17','18','19', '100', '100','100','23','24','25','26','100','100', '29','30', '31', '32','33','34'                              );
